{"cameraMode":{"drawMode":0,"name":"Shaded","section":"Shading Mode"},"sceneLighting":true,"audioPlay":false,"sceneViewState":{"showFog":true,"showMaterialUpdate":false,"showSkybox":true,"showFlares":true,"showImageEffects":true,"showParticleSystems":true},"in2DMode":false,"pivot":{"x":3.202869176864624,"y":-0.253509521484375,"z":-3.6805291175842287},"rotation":{"x":-0.010261110961437226,"y":0.9533465504646301,"z":-0.299935519695282,"w":-0.03261638060212135},"size":62.97330856323242,"orthographic":false}